id, parent, child
1.jpg,m,m
2.jpg,f,m
3.jpg,m,m
4.jpg,m,f
5.jpg,f,f
6.jpg,m,f
7.jpg,f,m
8.jpg,m,m
9.jpg,m,m
10.jpg,m,m
11.jpg,m,m
12.jpg,m,m
13.jpg,m,m
14.jpg,m,f
15.jpg,m,m
16.jpg,m,f
17.jpg,m,m
18.jpg,m,m
19.jpg,m,m
20.jpg,m,m
21.jpg,m,m
22.jpg,m,f
23.jpg,m,m
24.jpg,m,f
25.jpg,m,f
26.jpg,m,m
27.jpg,f,f
28.jpg,m,m
29.jpg,m,m
30.jpg,m,f
31.jpg,m,m
32.jpg,m,f
33.jpg,m,m
34.jpg,m,m
35.jpg,m,m
36.jpg,f,f
37.jpg,m,f
38.jpg,m,m
39.jpg,f,f
40.jpg,m,f
41.jpg,m,m
42.jpg,f,f
43.jpg,m,m
44.jpg,m,f
45.jpg,f,f
46.jpg,m,m
47.jpg,m,f
48.jpg,f,m
49.jpg,m,m
50.jpg,m,f
51.jpg,m,m
52.jpg,m,f
53.jpg,m,f
54.jpg,m,f
55.jpg,m,m
56.jpg,f,m
57.jpg,f,m
58.jpg,f,f
59.jpg,f,f
60.jpg,m,f
61.jpg,f,f
62.jpg,m,m
63.jpg,m,m
64.jpg,m,m
65.jpg,f,m
66.jpg,m,f
67.jpg,m,m
68.jpg,m,f
69.jpg,m,m
70.jpg,m,f
71.jpg,m,m
72.jpg,m,f
73.jpg,m,m
74.jpg,m,f
75.jpg,m,f
76.jpg,m,m
77.jpg,m,m
78.jpg,m,f
79.jpg,m,m
80.jpg,m,m
81.jpg,m,m
82.jpg,m,m
83.jpg,m,m
84.jpg,m,f
85.jpg,m,m
86.jpg,f,m
87.jpg,f,f
88.jpg,f,m
89.jpg,f,f
90.jpg,m,m
91.jpg,m,m
92.jpg,m,m
93.jpg,m,m
94.jpg,m,f
95.jpg,m,f
96.jpg,m,m
97.jpg,m,f
98.jpg,m,f
99.jpg,m,m
100.jpg,m,m
101.jpg,f,f
102.jpg,m,f
103.jpg,m,f
104.jpg,m,f
105.jpg,m,m
106.jpg,f,m
107.jpg,m,m
108.jpg,m,m
109.jpg,m,m
110.jpg,m,m
111.jpg,m,f
112.jpg,m,m
113.jpg,m,f
114.jpg,m,f
115.jpg,f,f
116.jpg,m,f
117.jpg,f,f
118.jpg,m,m
119.jpg,m,f
120.jpg,f,m
121.jpg,m,f
122.jpg,m,m
123.jpg,m,m
124.jpg,m,m
125.jpg,m,f
126.jpg,m,m
127.jpg,m,m
128.jpg,m,f
129.jpg,m,f
130.jpg,m,m
131.jpg,m,f
132.jpg,m,m
133.jpg,m,m
134.jpg,m,m
135.jpg,m,m
136.jpg,m,m
137.jpg,m,m
138.jpg,m,m
139.jpg,m,f
140.jpg,m,f
141.jpg,m,f
142.jpg,m,f
143.jpg,f,f
144.jpg,m,m
145.jpg,m,m
146.jpg,f,m
147.jpg,m,f
148.jpg,m,f
149.jpg,m,m
150.jpg,f,f
151.jpg,m,f
152.jpg,m,f
153.jpg,m,f
154.jpg,m,f
155.jpg,m,m
156.jpg,m,m
157.jpg,m,m
158.jpg,m,m
159.jpg,m,m
160.jpg,m,m
161.jpg,m,f
162.jpg,m,f
163.jpg,m,f
164.jpg,m,f
165.jpg,m,f
166.jpg,m,m
167.jpg,m,m
168.jpg,m,f
169.jpg,m,f
170.jpg,m,f
171.jpg,m,f
172.jpg,m,f
173.jpg,m,f
174.jpg,m,m
175.jpg,m,m
176.jpg,m,f
177.jpg,m,f
178.jpg,m,f
179.jpg,m,f
180.jpg,m,m
181.jpg,m,f
182.jpg,m,f
183.jpg,m,f
184.jpg,m,m
185.jpg,m,f
186.jpg,m,f
187.jpg,f,f
188.jpg,m,f
189.jpg,f,f
190.jpg,m,f
191.jpg,f,m
192.jpg,m,f
193.jpg,m,f
194.jpg,m,m
195.jpg,m,m
196.jpg,m,f
197.jpg,m,m
198.jpg,m,m
199.jpg,f,f
200.jpg,f,m
